"0","review_text <- reviews %>% 
  head(250) %>% 
  mutate(text = map(link, possibly(get_review_text, character(0), quiet = FALSE)))
"
"2","https://web.archive.org/web/20190531065107/https://www.theramenrater.com/2019/05/23/3180-yum-yum-moo-deng/
"
"2","https://web.archive.org/web/20190531065107/https://www.theramenrater.com/2019/05/23/3179-nagatanien-tom-yum-kung-rice-vermicelli-japan/
"
"2","https://web.archive.org/web/20190531065107/https://www.theramenrater.com/2019/05/22/3178-acecook-kelp-broth-shio-ramen-japan/
"
"2","https://web.archive.org/web/20190531065107/https://www.theramenrater.com/2019/05/21/3177-maison-de-coree-x-samyang-ramen-gout-coco-poulet-france/
"
"2","https://web.archive.org/web/20190531065107/https://www.theramenrater.com/2019/05/20/3176-maruchan-gotsumori-shio-yakisoba-japan/
"
"2","https://web.archive.org/web/20190531065107/https://www.theramenrater.com/2019/05/19/3175-myojo-chukazanmai-tantanmen-japan/
"
"2","https://web.archive.org/web/20190531065107/https://www.theramenrater.com/2019/05/18/3174-tieasy-sesame-sauce-handmade-noodle-taiwan/
"
"2","https://web.archive.org/web/20190531065107/https://www.theramenrater.com/2019/05/17/3173-momosan-tonkotsu/
"
"2","https://web.archive.org/web/20190531065107/https://www.theramenrater.com/2019/05/16/3172-samlip-hi-myon-katsuo-udon-south-korea/
"
"2","https://web.archive.org/web/20190531065107/https://www.theramenrater.com/2019/05/15/3171-doll-bowl-noodle-satay-beef-flavour-hong-kong/
"
"2","https://web.archive.org/web/20190531065107/https://www.theramenrater.com/2019/05/14/3170-maison-de-coree-x-samyang-ramen-gout-carbonara-france/
"
"2","https://web.archive.org/web/20190531065107/https://www.theramenrater.com/2019/05/13/3169-myojo-mapo-men-japan/
"
"2","https://web.archive.org/web/20190531065107/https://www.theramenrater.com/2019/05/11/3168-new-touch-chashu-ramen/
"
"2","https://web.archive.org/web/20190531065107/https://www.theramenrater.com/2019/05/10/3167-vedan-jhen-mian-tang-beef/
"
"2","https://web.archive.org/web/20190531065107/https://www.theramenrater.com/2019/05/09/3166-kinchan-niku-udon-with-wakame-japan/
"
"2","https://web.archive.org/web/20190531065107/https://www.theramenrater.com/2019/05/08/3165-shinsegae-mamee-kimchi/
"
"2","https://web.archive.org/web/20190531065107/https://www.theramenrater.com/2019/05/07/3164-kenko-foods-health-shio-ramen-japan/
"
"2","https://web.archive.org/web/20190531065107/https://www.theramenrater.com/2019/05/06/3163-moms-dry-noodle-spicy-hot-pot/
"
"2","https://web.archive.org/web/20190531065107/https://www.theramenrater.com/2019/05/05/3162-sapporo-ichiban-mentaiko/
"
"2","https://web.archive.org/web/20190531065107/https://www.theramenrater.com/2019/05/04/3161-sakurai-soymilk-spicy/
"
"2","https://web.archive.org/web/20190531065107/https://www.theramenrater.com/2019/05/03/3160-mazendo-mala/
"
"2","https://web.archive.org/web/20190531065107/https://www.theramenrater.com/2019/05/02/3159-baijia-boss-hot-sour/
"
"2","https://web.archive.org/web/20190531065107/https://www.theramenrater.com/2019/04/30/3158-simply-asia-classic-curry/
"
"2","https://web.archive.org/web/20190531065107/https://www.theramenrater.com/2019/04/29/3157-ti-easy-scallion/
"
"2","https://web.archive.org/web/20190531065107/https://www.theramenrater.com/2019/04/28/3156-nongshim-spicy-gamjatang-united-states/
"
"2","https://web.archive.org/web/20190531065107/https://www.theramenrater.com/2019/04/27/3155-jinmailang-cup-noodles-slow-roast-beef-flavor-united-states/
"
"2","https://web.archive.org/web/20190531065107/https://www.theramenrater.com/2019/04/26/3154-acecook-super-cup-pork-kimchi-ramen-japan/
"
"2","https://web.archive.org/web/20190531065107/https://www.theramenrater.com/2019/04/25/3153-maison-de-coree-bbq-coreen/
"
"2","https://web.archive.org/web/20190531065107/https://www.theramenrater.com/2019/04/24/3152-maruchan-qtta-curry-ramen-japan/
"
"2","https://web.archive.org/web/20190531065107/https://www.theramenrater.com/2019/04/19/3151-hakubaku-shoyu-soy-sauce/
"
"2","https://web.archive.org/web/20190531065107/https://www.theramenrater.com/2019/04/18/3150-hakubaku-baby-somen-japan/
"
"2","https://web.archive.org/web/20190531065107/https://www.theramenrater.com/2019/04/16/3149-hakubaku-baby-udon-japan/
"
"2","https://web.archive.org/web/20190531065107/https://www.theramenrater.com/2019/04/15/3148-hakubaku-tonkotsu/
"
"2","https://web.archive.org/web/20190531065107/https://www.theramenrater.com/2019/04/13/3147-samyang-foods-buldak-mini/
"
"2","https://web.archive.org/web/20190531065107/https://www.theramenrater.com/2019/04/12/3146-nissin-yakisoba-instant-pancit-spicy-chicken-flavor-philippines/
"
"2","https://web.archive.org/web/20190531065107/https://www.theramenrater.com/2019/04/11/3145-maison-de-coree-x-samyang-foods-ramen-gout-poulet-feu-france/
"
"2","https://web.archive.org/web/20190531065107/https://www.theramenrater.com/2019/04/10/3144-mama-oriental-kitchen-stir-fried-salted-egg-thailand/
"
"2","https://web.archive.org/web/20190531065107/https://www.theramenrater.com/2019/04/09/3143-sau-tao-ricevermtyk/
"
"2","https://web.archive.org/web/20190531065107/https://www.theramenrater.com/2019/04/08/3142-quero-galinha-caipira-refogada-brazil/
"
"2","https://web.archive.org/web/20190531065107/https://www.theramenrater.com/2019/04/06/3141-maruchan-thai-red-curry-udon-japan/
"
"2","https://web.archive.org/web/20190531065107/https://www.theramenrater.com/2019/04/03/3140-samyang-foods-buldak-ramen-topokki-south-korea/
"
"2","https://web.archive.org/web/20190531065107/https://www.theramenrater.com/2019/04/02/3139-asha-guanmiao-spicy-fennel/
"
"2","https://web.archive.org/web/20190531065107/https://www.theramenrater.com/2019/03/31/3138-suimin-thai-green-curry/
"
"2","https://web.archive.org/web/20190531065107/https://www.theramenrater.com/2019/03/30/3137-suimin-origins-massaman/
"
"2","https://web.archive.org/web/20190531065107/https://www.theramenrater.com/2019/03/29/3136-suimin-origins-seafood-laksa/
"
"2","https://web.archive.org/web/20190531065107/https://www.theramenrater.com/2019/03/28/3135-nissin-chikin-ramen-mini-donburi-japan/
"
"2","https://web.archive.org/web/20190531065107/https://www.theramenrater.com/2019/03/27/3134-marutai-kumamoto-tonkotsu-ramen-japan/
"
"2","https://web.archive.org/web/20190531065107/https://www.theramenrater.com/2019/03/26/3133-myojo-mellow-miso-ramen-japan/
"
"2","https://web.archive.org/web/20190531065107/https://www.theramenrater.com/2019/03/25/3132-liangchengmei-food-biang-biang-mian-china/
"
"2","https://web.archive.org/web/20190531065107/https://www.theramenrater.com/2019/03/24/3131-ttl-spicy-pork-with-rice-wine-taiwan/
"
"2","https://web.archive.org/web/20190531065107/https://www.theramenrater.com/2019/03/23/3130-master-kong-golden-stock-shrimp/
"
"2","https://web.archive.org/web/20190531065107/https://www.theramenrater.com/2019/03/22/3129-acecook-super-cup-pringles-sour-cream-onion-yakisoba-japan/
"
"2","https://web.archive.org/web/20190531065107/https://www.theramenrater.com/2019/03/21/3128-kinchan-noodle-japan/
"
"2","https://web.archive.org/web/20190531065107/https://www.theramenrater.com/2019/03/20/3127-yamamoto-tanukioyazi-spicy-tonkotsu/
"
"2","https://web.archive.org/web/20190531065107/https://www.theramenrater.com/2019/03/19/3126-fukumen-noukou-asahikawa-shoyu-japan/
"
"2","https://web.archive.org/web/20190531065107/https://www.theramenrater.com/2019/03/18/3125-micoem-kool-salted-egg/
"
"2","https://web.archive.org/web/20190531065107/https://www.theramenrater.com/2019/03/17/3124-maruchan-kitsune-udon/
"
"2","https://web.archive.org/web/20190531065107/https://www.theramenrater.com/2019/03/16/3123-luosiking-spicy-river-snail-noodle-china/
"
"2","https://web.archive.org/web/20190531065107/https://www.theramenrater.com/2019/03/15/3122-mamee-shinsegae-daebak-ghost-pepper-spicy-chicken-malaysia/
"
"2","https://web.archive.org/web/20190531065107/https://www.theramenrater.com/2019/03/14/3121-luosiking-river-snail-pork-china/
"
"2","https://web.archive.org/web/20190531065107/https://www.theramenrater.com/2019/03/13/3120-nissin-cup-noodles-intensos-diablo-mexico/
"
"2","https://web.archive.org/web/20190531065107/https://www.theramenrater.com/2019/03/12/3119-daikoku-tempura-soba-japan/
"
"2","https://web.archive.org/web/20190531065107/https://www.theramenrater.com/2019/03/11/3118-nongshim-pop-pot-or-pan-chicken-flavor-united-states/
"
"2","https://web.archive.org/web/20190531065107/https://www.theramenrater.com/2019/03/10/3117-a-sha-gourmet-sesame-paste-noodle-taiwan/
"
"2","https://web.archive.org/web/20190531065107/https://www.theramenrater.com/2019/03/09/3116-acecook-miso-butter-ramen-japan/
"
"2","https://web.archive.org/web/20190531065107/https://www.theramenrater.com/2019/03/08/3115-suraj-masala-noodles/
"
"2","https://web.archive.org/web/20190531065107/https://www.theramenrater.com/2019/03/07/3114-a-sha-gourmet-sichuan-peppercorn-flavor-taiwan/
"
"2","https://web.archive.org/web/20190531065107/https://www.theramenrater.com/2019/03/06/3113-itsuki-ebi-tempura-udon/
"
"2","https://web.archive.org/web/20190531065107/https://www.theramenrater.com/2019/03/04/3112-canton-vegetable/
"
"2","https://web.archive.org/web/20190531065107/https://www.theramenrater.com/2019/03/03/3111-maruchan-soy-milk-tan-tan-wantan-men/
"
"2","https://web.archive.org/web/20190531065107/https://www.theramenrater.com/2019/03/02/3110-maruchan-qtta-hamburger-ramen-japan/
"
"2","https://web.archive.org/web/20190531065107/https://www.theramenrater.com/2019/03/01/3109-wu-mu-chili-beef/
"
"2","https://web.archive.org/web/20190531065107/https://www.theramenrater.com/2019/02/28/3108-culleys-worlds-hottest-ramen-noodles/
"
"2","https://web.archive.org/web/20190531065107/https://www.theramenrater.com/2019/02/27/3107-samyang-bowl-chicken/
"
"2","https://web.archive.org/web/20190531065107/https://www.theramenrater.com/2019/02/26/3106-double-mountain-satay/
"
"2","https://web.archive.org/web/20190531065107/https://www.theramenrater.com/2019/02/25/3105-maggi-pedas-tom-yummz/
"
"2","https://web.archive.org/web/20190531065107/https://www.theramenrater.com/2019/02/24/3104-yi-lai-shuen-spicy/
"
"2","https://web.archive.org/web/20190531065107/https://www.theramenrater.com/2019/02/22/3104-neo-essence-top-graded-spicy-sauce-ramen-noodles/
"
"2","Error: HTTP error 404.
"
"2","https://web.archive.org/web/20190531065107/https://www.theramenrater.com/2019/02/21/3102-myojo-spicy-barikata/
"
"2","https://web.archive.org/web/20190531065107/https://www.theramenrater.com/2019/02/20/3101-samyang-foods-sriracha-ramen/
"
"2","https://web.archive.org/web/20190531065107/https://www.theramenrater.com/2019/02/19/3100-a-sha-gourmet-braised-beef-noodle-soup-taiwan/
"
"2","https://web.archive.org/web/20190531065107/https://www.theramenrater.com/2019/02/18/3099-nissin-cup-noodles-alitas-hot/
"
"2","https://web.archive.org/web/20190531065107/https://www.theramenrater.com/2019/02/17/3098-lau-liu-tou-spicy-beef/
"
"2","https://web.archive.org/web/20190531065107/https://www.theramenrater.com/2019/02/16/3097-yum-yum-tem-tem-squid-lime/
"
"2","https://web.archive.org/web/20190531065107/https://www.theramenrater.com/2019/02/15/3096-prima-taste-black-pepper-crab/
"
"2","https://web.archive.org/web/20190531065107/https://www.theramenrater.com/2019/02/13/3095-daikoku-tonkotsu-ramen/
"
"2","https://web.archive.org/web/20190531065107/https://www.theramenrater.com/2019/02/12/3094-nongshim-oolong-men-beef/
"
"2","https://web.archive.org/web/20190531065107/https://www.theramenrater.com/2019/02/11/3093-sichuan-baijia-green-curry/
"
"2","https://web.archive.org/web/20190531065107/https://www.theramenrater.com/2019/02/10/3092-way-penang-asam-laksa/
"
"2","https://web.archive.org/web/20190531065107/https://www.theramenrater.com/2019/02/09/3091-way-chili-crab/
"
"2","https://web.archive.org/web/20190531065107/https://www.theramenrater.com/2019/02/08/3090-way-singapore-laksa/
"
"2","https://web.archive.org/web/20190531065107/https://www.theramenrater.com/2019/02/07/3089-way-penang-prawn-mee/
"
"2","https://web.archive.org/web/20190531065107/https://www.theramenrater.com/2019/02/06/3088-way-thai-laksa/
"
"2","https://web.archive.org/web/20190531065107/https://www.theramenrater.com/2019/02/05/3007-way-scallop-noodles/
"
"2","https://web.archive.org/web/20190531065107/https://www.theramenrater.com/2019/02/04/3086-nissin-raoh-kogashi-shoyu-japan/
"
"2","https://web.archive.org/web/20190531065107/https://www.theramenrater.com/2019/02/03/3085-sapporo-ichiban-oil-soba-shrimp-japan/
"
"2","https://web.archive.org/web/20190531065107/https://www.theramenrater.com/2019/02/02/3084-itomen-yamaimo-soba-japan/
"
"2","https://web.archive.org/web/20190531065107/https://www.theramenrater.com/2019/02/01/3083-burung-ayam-bawang-indonesia/
"
"2","https://web.archive.org/web/20190531065107/https://www.theramenrater.com/2019/01/31/3082-mivina-banana/
"
"2","https://web.archive.org/web/20190531065107/https://www.theramenrater.com/2019/01/30/3081-fu-chung-garlic-sesame/
"
"2","https://web.archive.org/web/20190531065107/https://www.theramenrater.com/2019/01/29/3080-fu-chung-basil-clam/
"
"2","https://web.archive.org/web/20190531065107/https://www.theramenrater.com/2019/01/28/3079-fu-chung-spicy-sichuan/
"
"2","https://web.archive.org/web/20190531065107/https://www.theramenrater.com/2019/01/27/3078-itsuki-kurume-ramen-japan/
"
"2","https://web.archive.org/web/20190531065107/https://www.theramenrater.com/2019/01/25/3077-acecook-yuzu-somen-japan/
"
"2","https://web.archive.org/web/20190531065107/https://www.theramenrater.com/2019/01/24/3076-rooster-chili-chicken/
"
"2","https://web.archive.org/web/20190531065107/https://www.theramenrater.com/2019/01/23/3075-sapporo-ichiban-spicy-okonomiyaki/
"
"2","Warning:"
"2"," closing unused connection 3 (https://web.archive.org/web/20190531065107/https://www.theramenrater.com/2019/02/22/3104-neo-essence-top-graded-spicy-sauce-ramen-noodles/)
"
"2","https://web.archive.org/web/20190531065107/https://www.theramenrater.com/2019/01/21/3074-maggi-pedas-giler-ayam/
"
"2","https://web.archive.org/web/20190531065107/https://www.theramenrater.com/2019/01/19/3073-trader-joes-miso-ramen-soup-united-states/
"
"2","https://web.archive.org/web/20190531065107/https://www.theramenrater.com/2019/01/18/3072-canton-beef/
"
"2","https://web.archive.org/web/20190531065107/https://www.theramenrater.com/2019/01/17/3071-uncle-sun-dry-chili-crab-noodle-malaysia/
"
"2","https://web.archive.org/web/20190531065107/https://www.theramenrater.com/2019/01/16/3060-a-sha-gourmet-soybean/
"
"2","https://web.archive.org/web/20190531065107/https://www.theramenrater.com/2019/01/15/3069-vedan-spicy-beef/
"
"2","https://web.archive.org/web/20190531065107/https://www.theramenrater.com/2019/01/14/3068-sapporo-ichiban-soy-sauce/
"
"2","https://web.archive.org/web/20190531065107/https://www.theramenrater.com/2019/01/12/3067-samyang-bowl-noodle-hot-spicy/
"
"2","https://web.archive.org/web/20190531065107/https://www.theramenrater.com/2019/01/11/3066-nissin-camaron-fuego/
"
"2","https://web.archive.org/web/20190531065107/https://www.theramenrater.com/2019/01/10/3065-kinchan-bukkake-udon/
"
"2","https://web.archive.org/web/20190531065107/https://www.theramenrater.com/2019/01/09/3064-lee-fah-abalone-chicken/
"
"2","https://web.archive.org/web/20190531065107/https://www.theramenrater.com/2019/01/08/3063-maruchan-dining-tantanmen-japan/
"
"2","https://web.archive.org/web/20190531065107/https://www.theramenrater.com/2019/01/06/3062-nissin-cup-noodle-nice-kimchi-tonkotsu/
"
"2","https://web.archive.org/web/20190531065107/https://www.theramenrater.com/2019/01/05/3061-cici-2-budae-jjigae/
"
"2","https://web.archive.org/web/20190531065107/https://www.theramenrater.com/2019/01/04/3060-jinya-chicken-wonton-ramen/
"
"2","https://web.archive.org/web/20190531065107/https://www.theramenrater.com/2019/01/03/3059-maruchananbancurrysoba/
"
"2","https://web.archive.org/web/20190531065107/https://www.theramenrater.com/2019/01/02/3058-big-bon-beef/
"
"2","https://web.archive.org/web/20190531065107/https://www.theramenrater.com/2019/01/01/3057-daikoku-gunma-chan-udon-japan/
"
"2","https://web.archive.org/web/20190531065107/https://www.theramenrater.com/2018/12/31/3056-nissin-cup-noodles-soupd-up-savory-shrimp-flavor-united-states/
"
"2","https://web.archive.org/web/20190531065107/https://www.theramenrater.com/2018/12/30/3055-mamee-shinsegae-daebak-spicy-fried-chicken-dry-noodles-malaysia/
"
"2","https://web.archive.org/web/20190531065107/https://www.theramenrater.com/2018/12/29/3054-xiao-ban-mian-spicy-meat-paste/
"
"2","https://web.archive.org/web/20190531065107/https://www.theramenrater.com/2018/12/29/3053-conimex-thom-khakai/
"
"2","https://web.archive.org/web/20190531065107/https://www.theramenrater.com/2018/12/27/3052-vedan-stewed-pork/
"
"2","https://web.archive.org/web/20190531065107/https://www.theramenrater.com/2018/12/25/3051-best-wok-mi-goreng-sambal-seafood/
"
"2","https://web.archive.org/web/20190531065107/https://www.theramenrater.com/2018/12/24/3050-chitato-indomie/
"
"2","https://web.archive.org/web/20190531065107/https://www.theramenrater.com/2018/12/23/3049-new-touch-kimchi-ramen-japan/
"
"2","https://web.archive.org/web/20190531065107/https://www.theramenrater.com/2018/12/22/3048-uni-president-beef/
"
"2","https://web.archive.org/web/20190531065107/https://www.theramenrater.com/2018/12/21/3047-samyang-foods-10000-shu-hek-buldak-bokkeummyun-nuclear-fire-noodle-2x-south-korea/
"
"2","https://web.archive.org/web/20190531065107/https://www.theramenrater.com/2018/12/19/3046-buitoni-yakisoba-noodles-gusto-chili-italy/
"
"2","https://web.archive.org/web/20190531065107/https://www.theramenrater.com/2018/12/18/3045-samyang-hot-chicken-gyoza/
"
"2","https://web.archive.org/web/20190531065107/https://www.theramenrater.com/2018/12/16/3044-sau-tao-laksa/
"
"2","https://web.archive.org/web/20190531065107/https://www.theramenrater.com/2018/12/15/3043-san-iku-shoyu-ramen-japan/
"
"2","https://web.archive.org/web/20190531065107/https://www.theramenrater.com/2018/12/14/3042-canton-instant-noodles-curry/
"
"2","https://web.archive.org/web/20190531065107/https://www.theramenrater.com/2018/12/13/3041-maruchan-qtta-mexican-tacos/
"
"2","https://web.archive.org/web/20190531065107/https://www.theramenrater.com/2018/12/12/3040-fantastic-noodles-scallion/
"
"2","https://web.archive.org/web/20190531065107/https://www.theramenrater.com/2018/12/11/3039-fantastic-noodles-spicy-dolar/
"
"2","https://web.archive.org/web/20190531065107/https://www.theramenrater.com/2018/12/10/3038-wu-mu-fried-green-onion/
"
"2","https://web.archive.org/web/20190531065107/https://www.theramenrater.com/2018/12/08/3037-yumyum-spicy-thai-seafood/
"
"2","https://web.archive.org/web/20190531065107/https://www.theramenrater.com/2018/12/04/3036-ttl-pickled-vegetable-beef/
"
"2","https://web.archive.org/web/20190531065107/https://www.theramenrater.com/2018/12/02/3035-ttl-spring-chicken-hua-diao/
"
"2","https://web.archive.org/web/20190531065107/https://www.theramenrater.com/2018/11/30/3034-ttl-hua-diao-pickled-vegetable-beef/
"
"2","https://web.archive.org/web/20190531065107/https://www.theramenrater.com/2018/11/28/3033-ttl-bolognese-red-wine/
"
"2","https://web.archive.org/web/20190531065107/https://www.theramenrater.com/2018/11/26/3032-ttl-dongpo-braised-pork/
"
"2","https://web.archive.org/web/20190531065107/https://www.theramenrater.com/2018/12/07/3031-kinchan-tokufun-shukodo-miso-aji-japan/
"
"2","https://web.archive.org/web/20190531065107/https://www.theramenrater.com/2018/12/06/3030-shin-black-bowl/
"
"2","https://web.archive.org/web/20190531065107/https://www.theramenrater.com/2018/12/05/3029-maruchan-yakisoba-meijin-shio-japan/
"
"2","https://web.archive.org/web/20190531065107/https://www.theramenrater.com/2018/11/25/3028-maruchan-yakisoba-korean-bbq-flavor-japanese-home-style-noodles-united-states/
"
"2","https://web.archive.org/web/20190531065107/https://www.theramenrater.com/2018/11/24/3027-sapporo-ichiban-shio-donburi/
"
"2","https://web.archive.org/web/20190531065107/https://www.theramenrater.com/2018/11/23/3026-moms-dry-noodle-shiitake-zhajiang/
"
"2","https://web.archive.org/web/20190531065107/https://www.theramenrater.com/2018/11/20/3025-uncle-sun-black-pepper-crab/
"
"2","https://web.archive.org/web/20190531065107/https://www.theramenrater.com/2018/11/19/3024-nissin-cup-noodle-nice-por-new/
"
"2","https://web.archive.org/web/20190531065107/https://www.theramenrater.com/2018/11/18/3023-trader-joes-chicken-ramen-soup/
"
"2","https://web.archive.org/web/20190531065107/https://www.theramenrater.com/2018/11/16/3022-myojo-yakisoba-curry/
"
"2","https://web.archive.org/web/20190531065107/https://www.theramenrater.com/2018/11/15/3021-itsuki-sapporo-miso-ramen-japan/
"
"2","https://web.archive.org/web/20190531065107/https://www.theramenrater.com/2018/11/14/3020-panco-lamen-hot-sabor-galinha-a-moda-baiana-brazil/
"
"2","https://web.archive.org/web/20190531065107/https://www.theramenrater.com/2018/11/13/3019-sau-tao-tom-yum-kung-ramen/
"
"2","https://web.archive.org/web/20190531065107/https://www.theramenrater.com/2018/11/12/3018-sapporo-ichiban-spicy-champon-japan/
"
"2","https://web.archive.org/web/20190531065107/https://www.theramenrater.com/2018/11/11/3017-vite-ramen-soy-sauce-chicken/
"
"2","https://web.archive.org/web/20190531065107/https://www.theramenrater.com/2018/11/10/3016-vite-ramen-garlic-pork/
"
"2","https://web.archive.org/web/20190531065107/https://www.theramenrater.com/2018/11/09/3015-vite-ramen-vegan-mushroom-shio/
"
"2","https://web.archive.org/web/20190531065107/https://www.theramenrater.com/2018/11/08/3014-men-sunaoshi-sapporo-sauce-yakisoba-japan/
"
"2","https://web.archive.org/web/20190531065107/https://www.theramenrater.com/2018/11/07/3013-kincham-shoyu-tonkotsu/
"
"2","https://web.archive.org/web/20190531065107/https://www.theramenrater.com/2018/11/06/3012-samyang-sriracha-snack/
"
"2","https://web.archive.org/web/20190531065107/https://www.theramenrater.com/2018/11/05/3011-san-iku-shio-ramen-japan/
"
"2","https://web.archive.org/web/20190531065107/https://www.theramenrater.com/2018/11/04/3010-vedan-wei-wei-braised-beef/
"
"2","https://web.archive.org/web/20190531065107/https://www.theramenrater.com/2018/11/03/3009-acecook-yokosuka-navy-curry-udon-japan/
"
"2","https://web.archive.org/web/20190531065107/https://www.theramenrater.com/2018/11/02/3008-indomie-real-meat-rendang/
"
"2","https://web.archive.org/web/20190531065107/https://www.theramenrater.com/2018/11/01/3007-myojo-ramen-char-mee-100-singapore/
"
"2","https://web.archive.org/web/20190531065107/https://www.theramenrater.com/2018/10/31/3006-uni-president-guizhou-spicy-soybean-paste-flavor-china/
"
"2","https://web.archive.org/web/20190531065107/https://www.theramenrater.com/2018/10/30/3005-samyang-foods-chinese-style-bibimmyun-south-korea/
"
"2","https://web.archive.org/web/20190531065107/https://www.theramenrater.com/2018/10/29/3004-wei-lih-hell-spicy-dry-noodle-with-soup-taiwan/
"
"2","https://web.archive.org/web/20190531065107/https://www.theramenrater.com/2018/10/28/3003-chencun-acid-beef/
"
"2","https://web.archive.org/web/20190531065107/https://www.theramenrater.com/2018/10/27/3002-new-touch-machi-ichiban-shio-ramen-japan/
"
"2","https://web.archive.org/web/20190531065107/https://www.theramenrater.com/2018/10/26/3001-itsuki-kumamoto-mokkosu/
"
"2","https://web.archive.org/web/20190531065107/https://www.theramenrater.com/2018/10/24/3000-peyoung-yakisoba-gigamax-japan/
"
"2","https://web.archive.org/web/20190531065107/https://www.theramenrater.com/2018/10/23/2925-uni-president-pickled/
"
"2","https://web.archive.org/web/20190531065107/https://www.theramenrater.com/2018/10/22/2998-acecook-goma-negi-tonkotsu/
"
"2","https://web.archive.org/web/20190531065107/https://www.theramenrater.com/2018/10/21/2997-rooster-chili-seafood/
"
"2","https://web.archive.org/web/20190531065107/https://www.theramenrater.com/2018/10/20/2996-nissin-cup-noodles-soupd-up-roasted-chicken-flavor-ramen-noodle-soup-united-states/
"
"2","https://web.archive.org/web/20190531065107/https://www.theramenrater.com/2018/10/19/2995-uni-president-xo-sauce-stir-noodle-bowl/
"
"2","https://web.archive.org/web/20190531065107/https://www.theramenrater.com/2018/10/18/2994-sapporo-ichiban-ise-ebi/
"
"2","https://web.archive.org/web/20190531065107/https://www.theramenrater.com/2018/10/17/2993-wugudaochang-tomato-sirloin/
"
"2","https://web.archive.org/web/20190531065107/https://www.theramenrater.com/2018/10/16/2992-nissin-miojo-cremoso-pizza/
"
"2","https://web.archive.org/web/20190531065107/https://www.theramenrater.com/2018/10/15/2991-big-bon-chicken-salsa/
"
"2","https://web.archive.org/web/20190531065107/https://www.theramenrater.com/2018/10/14/2990-nissin-miojo-tomate-suave-brazil/
"
"2","https://web.archive.org/web/20190531065107/https://www.theramenrater.com/2018/10/14/2989-mibena-spicy-chicken/
"
"2","https://web.archive.org/web/20190531065107/https://www.theramenrater.com/2018/10/12/2988-yamamoto-curry-udon/
"
"2","https://web.archive.org/web/20190531065107/https://www.theramenrater.com/2018/10/11/2987-tapatio-ramen-noodle-soup-beef/
"
"2","https://web.archive.org/web/20190531065107/https://www.theramenrater.com/2018/10/10/2986-yum-yum-pad-kee-mao/
"
"2","https://web.archive.org/web/20190531065107/https://www.theramenrater.com/2018/10/09/2985-myojo-charumera-shio-ramen-japan/
"
"2","https://web.archive.org/web/20190531065107/https://www.theramenrater.com/2018/10/08/2984-itomen-premium-yakisoba-japan/
"
"2","https://web.archive.org/web/20190531065107/https://www.theramenrater.com/2018/10/07/2983-nongshim-spicy-zhawang/
"
"2","https://web.archive.org/web/20190531065107/https://www.theramenrater.com/2018/10/06/2982-samyang-big-bowl-chicken/
"
"2","https://web.archive.org/web/20190531065107/https://www.theramenrater.com/2018/10/05/2981-picnic-hot-rich-curry/
"
"2","https://web.archive.org/web/20190531065107/https://www.theramenrater.com/2018/10/04/2980-sapporo-ichiban-pokemon-seafood-noodles/
"
"2","https://web.archive.org/web/20190531065107/https://www.theramenrater.com/2018/10/03/2979-maruchan-curry-yakisoba/
"
"2","https://web.archive.org/web/20190531065107/https://www.theramenrater.com/2018/10/02/2978-vedan-wei-wei-premium-braised-beef-instant-noodle/
"
"2","https://web.archive.org/web/20190531065107/https://www.theramenrater.com/2018/10/01/2977-vedan-wei-wei-premium-braised-pork-noodle/
"
"2","https://web.archive.org/web/20190531065107/https://www.theramenrater.com/2018/09/30/2976-sichuan-baijia-sichuan-hot-sour-vermicelli/
"
"2","https://web.archive.org/web/20190531065107/https://www.theramenrater.com/2018/09/30/2975-san-iku-miso-ramen/
"
"2","https://web.archive.org/web/20190531065107/https://www.theramenrater.com/2018/09/28/2974-itomen-bansyu-ramen/
"
"2","https://web.archive.org/web/20190531065107/https://www.theramenrater.com/2018/09/27/2973-mama-oriental-kitchen-shrimp/
"
"2","https://web.archive.org/web/20190531065107/https://www.theramenrater.com/2018/09/26/2972-bowlfull-vegetable/
"
"2","https://web.archive.org/web/20190531065107/https://www.theramenrater.com/2018/09/25/2971-best-wok-mi-goreng-hot-spicy-instant-noodles/
"
"2","https://web.archive.org/web/20190531065107/https://www.theramenrater.com/2018/09/24/2970-samyang-foods-big-bowl-lobster-flavor/
"
"2","https://web.archive.org/web/20190531065107/https://www.theramenrater.com/2018/09/23/2969-kiki-mapo-tofu-noodles/
"
"2","https://web.archive.org/web/20190531065107/https://www.theramenrater.com/2018/09/22/2968-acecook-sendai-spicy-miso-ramen/
"
"2","https://web.archive.org/web/20190531065107/https://www.theramenrater.com/2018/09/21/2967-kenko-foods-hot-dry-noodles/
"
"2","https://web.archive.org/web/20190531065107/https://www.theramenrater.com/2018/09/20/2966-nissin-miojo-turma-da-monica/
"
"2","https://web.archive.org/web/20190531065107/https://www.theramenrater.com/2018/09/19/2965-ajinomoto-oyakata-soy-sauce-ramen-soup/
"
"2","https://web.archive.org/web/20190531065107/https://www.theramenrater.com/2018/09/18/2964-blount-beef-pho/
"
"2","https://web.archive.org/web/20190531065107/https://www.theramenrater.com/2018/09/17/2963-kiki-noodles-mixed-with-young-vinegar/
"
"2","https://web.archive.org/web/20190531065107/https://www.theramenrater.com/2018/09/16/2962-canton-instant-noodles-chicken-curry-flavour/
"
"2","https://web.archive.org/web/20190531065107/https://www.theramenrater.com/2018/09/15/2961-nissin-cup-noodles-seafood-flavor/
"
"2","https://web.archive.org/web/20190531065107/https://www.theramenrater.com/2018/09/14/2960-soup-daren-spicy-pork-bone-noodle/
"
"2","https://web.archive.org/web/20190531065107/https://www.theramenrater.com/2018/06/12/2959-nongshim-shin-ramyun-japanese-version/
"
"2","https://web.archive.org/web/20190531065107/https://www.theramenrater.com/2018/09/12/2958-rooster-kimchee-flavour-noodle-soup/
"
"2","https://web.archive.org/web/20190531065107/https://www.theramenrater.com/2018/09/11/2957-no-name-chicken-vegetable/
"
"2","https://web.archive.org/web/20190531065107/https://www.theramenrater.com/2018/09/10/2956-paldo-volcano-cup/
"
"2","https://web.archive.org/web/20190531065107/https://www.theramenrater.com/2018/09/09/2955-rollton-spicy-chicken/
"
"2","https://web.archive.org/web/20190531065107/https://www.theramenrater.com/2018/09/08/2954-nagatani-green-curry-rice-vermicelli/
"
"2","https://web.archive.org/web/20190531065107/https://www.theramenrater.com/2018/09/07/2953-daikoku-hiyashi-tanuki-udon/
"
"2","https://web.archive.org/web/20190531065107/https://www.theramenrater.com/2018/09/06/2952-sunaoshi-udon-dappe/
"
"2","https://web.archive.org/web/20190531065107/https://www.theramenrater.com/2018/09/05/2951-ginza-delhi/
"
"2","https://web.archive.org/web/20190531065107/https://www.theramenrater.com/2018/09/04/2950-nissin-top-ramen-chili-flavor-ramen-noodle-soup-new-recipe/
"
"2","https://web.archive.org/web/20190531065107/https://www.theramenrater.com/2018/09/01/2949-lien-ying-asian-spirit-asia-noodles-vegetable-flavour/
"
"2","https://web.archive.org/web/20190531065107/https://www.theramenrater.com/2018/08/31/2948-itomen-kaisen-tonkotsu-ramen/
"
"2","https://web.archive.org/web/20190531065107/https://www.theramenrater.com/2018/08/31/2947-kiki-sichuan-beef-noodles-soup-%E5%8F%B0%E6%B9%BEkiki-%E7%89%9B%E8%82%89%E9%9D%A2/
"
"2","https://web.archive.org/web/20190531065107/https://www.theramenrater.com/2018/08/30/2946-vedan-449-fried-instant-noodle-sichuan-hot-flavor/
"
"2","https://web.archive.org/web/20190531065107/https://www.theramenrater.com/2018/08/29/2945-vedan-449-three-cup-chicken/
"
"2","https://web.archive.org/web/20190531065107/https://www.theramenrater.com/2018/08/28/2944-myojo-pork-flavor-gyokai-tonkotsu/
"
"2","https://web.archive.org/web/20190531065107/https://www.theramenrater.com/2018/08/27/2943-san-iku-gomaaji-ramen/
"
"2","https://web.archive.org/web/20190531065107/https://www.theramenrater.com/2018/08/24/2942-paldo-teumsae-cheddar-cheese-ramyun/
"
"2","https://web.archive.org/web/20190531065107/https://www.theramenrater.com/2018/08/23/2941-a-sha-dry-noodle/
"
"2","https://web.archive.org/web/20190531065107/https://www.theramenrater.com/2018/08/22/2940-sapporo-ichiban-miso-ramen/
"
"2","https://web.archive.org/web/20190531065107/https://www.theramenrater.com/2018/08/21/2939-tapatio-ramen-noodle-soup-original-flavor/
"
"2","https://web.archive.org/web/20190531065107/https://www.theramenrater.com/2018/08/20/2938-buitoni-noodles-gusto-curry/
"
"2","https://web.archive.org/web/20190531065107/https://www.theramenrater.com/2018/08/19/2937-vedan-wei-wei-a-series-instant-noodles-chicken-flavor-xl/
"
"2","https://web.archive.org/web/20190531065107/https://www.theramenrater.com/2018/08/18/2936-myojo-chicken-nanban-soba/
"
"2","https://web.archive.org/web/20190531065107/https://www.theramenrater.com/2018/08/17/2935-wei-lih-handmade-chicken/
"
"2","https://web.archive.org/web/20190531065107/https://www.theramenrater.com/2018/08/16/2934-samyang-foods-big-bowl-seafood-flavor/
"
"2","https://web.archive.org/web/20190531065107/https://www.theramenrater.com/2018/08/15/2933-maruchan-soup-curry-wonton/
"
"2","https://web.archive.org/web/20190531065107/https://www.theramenrater.com/2018/08/14/2932-soup-daren-borscht-noodle/
"
"2","https://web.archive.org/web/20190531065107/https://www.theramenrater.com/2018/08/13/2931-maruchan-creamy-chicken/
"
